<?xml version="1.0" encoding="utf-8"?>
<rss version="2.0" xmlns:sparkle="http://www.andymatuschak.org/xml-namespaces/sparkle"  xmlns:dc="http://purl.org/dc/elements/1.1/">
  <channel>
    <title>Icons</title>
    <link>https://github.com/keremciu/sketch-iconfont</link>
    <description>Use icons like a boss.</description>
    <language>en</language>
      <item>
        <title>Version 4.6.0</title>
        <description>
          <![CDATA[
            <ul>
            <li>Fixes for Sketch 48</li>
            </ul>
          ]]>
        </description>
        <enclosure url="https://github.com/keremciu/sketch-iconfont/archive/master.zip" sparkle:version="4.6.0" />
      </item>
  </channel>
</rss>
